Industry,MedianRet63,N
Information Technology,3.065317468504636,10
Consumer Services,0.7371014619415694,11
Consumer Durables,-0.24422277422330163,8
Automobile and Auto Components,-1.2609636877470465,14
Metals & Mining,-1.663817662814604,11
Oil Gas & Consumable Fuels,-3.834004272390268,9
Capital Goods,-4.307848100419159,24
Healthcare,-4.380462719650091,15
Construction Materials,-4.6350779588115625,3
Realty,-6.99814838760841,6
Financial Services,-7.74038461538461,47
Telecommunication,-7.997536823732638,4
Services,-8.014186869674505,4
Power,-9.339070768775947,9
Chemicals,-10.27747306375375,5
Construction,-10.389661460786247,2
Fast Moving Consumer Goods,-11.640554730398806,14
Textiles,-14.51896314083636,1
